{"cameraMode":{"drawMode":0,"name":"Shaded","section":"Shading Mode"},"sceneLighting":false,"audioPlay":false,"sceneViewState":{"showFog":true,"showMaterialUpdate":false,"showSkybox":false,"showFlares":true,"showImageEffects":true,"showParticleSystems":true},"in2DMode":false,"pivot":{"x":-2.7046475410461427,"y":1.1465245485305787,"z":0.2807044982910156},"rotation":{"x":-0.16744369268417359,"y":-0.028983158990740777,"z":0.004924732260406017,"w":-0.9854432344436646},"size":5.388277530670166,"orthographic":false}